<?xml version="1.0" encoding="UTF-8"?>
<project-private xmlns="http://www.netbeans.org/ns/project-private/1">
    <editor-bookmarks xmlns="http://www.netbeans.org/ns/editor-bookmarks/2" lastBookmarkId="0"/>
    <open-files xmlns="http://www.netbeans.org/ns/projectui-open-files/2">
        <group>
            <file>file:/C:/Users/VINAYAK/OneDrive/Documents/NetBeansProjects/Employee%20Management%20System/src/employee/management/system/ViewEmployee.java</file>
            <file>file:/C:/Users/VINAYAK/OneDrive/Documents/NetBeansProjects/Employee%20Management%20System/src/employee/management/system/Conn.java</file>
            <file>file:/C:/Users/VINAYAK/OneDrive/Documents/NetBeansProjects/Employee%20Management%20System/src/employee/management/system/RemoveEmployee.java</file>
            <file>file:/C:/Users/VINAYAK/OneDrive/Documents/NetBeansProjects/Employee%20Management%20System/src/employee/management/system/Splash.java</file>
            <file>file:/C:/Users/VINAYAK/OneDrive/Documents/NetBeansProjects/Employee%20Management%20System/src/employee/management/system/Login.java</file>
            <file>file:/C:/Users/VINAYAK/OneDrive/Documents/NetBeansProjects/Employee%20Management%20System/src/employee/management/system/AddEmployee.java</file>
            <file>file:/C:/Users/VINAYAK/OneDrive/Documents/NetBeansProjects/Employee%20Management%20System/src/employee/management/system/Home.java</file>
            <file>file:/C:/Users/VINAYAK/OneDrive/Documents/NetBeansProjects/Employee%20Management%20System/src/employee/management/system/UpdateEmployee.java</file>
        </group>
    </open-files>
</project-private>
